{
  "collapse-filter": false,
  "search": "",
  "showTags": false,
  "showAttachments": false,
  "hideUnresolved": false,
  "showOrphans": true,
  "collapse-color-groups": false,
  "colorGroups": [
    {
      "query": "Spring",
      "color": {
        "a": 1,
        "rgb": 9625682
      }
    },
    {
      "query": "Security",
      "color": {
        "a": 1,
        "rgb": 14570208
      }
    },
    {
      "query": "@",
      "color": {
        "a": 1,
        "rgb": 4868682
      }
    },
    {
      "query": "Angular",
      "color": {
        "a": 1,
        "rgb": 15942724
      }
    },
    {
      "query": "DolphinX",
      "color": {
        "a": 1,
        "rgb": 2367972
      }
    }
  ],
  "collapse-display": false,
  "showArrow": false,
  "textFadeMultiplier": 0,
  "nodeSizeMultiplier": 1,
  "lineSizeMultiplier": 1,
  "collapse-forces": false,
  "centerStrength": 0.796875,
  "repelStrength": 14.4791666666667,
  "linkStrength": 1,
  "linkDistance": 106,
  "scale": 0.7514342322278208,
  "close": true
}