{
  "collapse-filter": true,
  "search": "",
  "showTags": false,
  "showAttachments": false,
  "hideUnresolved": false,
  "showOrphans": true,
  "collapse-color-groups": false,
  "colorGroups": [
    {
      "query": "Spring",
      "color": {
        "a": 1,
        "rgb": 1039104
      }
    },
    {
      "query": "Angular",
      "color": {
        "a": 1,
        "rgb": 14823986
      }
    },
    {
      "query": "Dolphin",
      "color": {
        "a": 1,
        "rgb": 5918707
      }
    },
    {
      "query": "@",
      "color": {
        "a": 1,
        "rgb": 4609378
      }
    },
    {
      "query": "Java",
      "color": {
        "a": 1,
        "rgb": 5431473
      }
    }
  ],
  "collapse-display": false,
  "showArrow": false,
  "textFadeMultiplier": -0.7,
  "nodeSizeMultiplier": 0.865625,
  "lineSizeMultiplier": 1.52916666666667,
  "collapse-forces": false,
  "centerStrength": 0.578125,
  "repelStrength": 12.2916666666667,
  "linkStrength": 1,
  "linkDistance": 30,
  "scale": 1.0534979423868471,
  "close": true
}