{
  "main": {
    "id": "da42efb1729102c0",
    "type": "split",
    "children": [
      {
        "id": "5df4c5dc328a8aa8",
        "type": "tabs",
        "children": [
          {
            "id": "6be9dd09b9dbebf0",
            "type": "leaf",
            "state": {
              "type": "markdown",
              "state": {
                "file": "Convertir API-REST.md",
                "mode": "source",
                "source": false
              }
            }
          },
          {
            "id": "653f9421111eedcd",
            "type": "leaf",
            "state": {
              "type": "markdown",
              "state": {
                "file": "@RestController.md",
                "mode": "source",
                "source": false
              }
            }
          }
        ],
        "currentTab": 1
      }
    ],
    "direction": "vertical"
  },
  "left": {
    "id": "c4cd687da16c4ae8",
    "type": "split",
    "children": [
      {
        "id": "d93b4c6e44cf0fca",
        "type": "tabs",
        "children": [
          {
            "id": "6233568316e0984a",
            "type": "leaf",
            "state": {
              "type": "file-explorer",
              "state": {
                "sortOrder": "alphabetical"
              }
            }
          },
          {
            "id": "caa2c0fd343d3bf9",
            "type": "leaf",
            "state": {
              "type": "search",
              "state": {
                "query": "",
                "matchingCase": false,
                "explainSearch": false,
                "collapseAll": false,
                "extraContext": false,
                "sortOrder": "alphabetical"
              }
            }
          },
          {
            "id": "1f0a138625a3b091",
            "type": "leaf",
            "state": {
              "type": "bookmarks",
              "state": {}
            }
          }
        ]
      }
    ],
    "direction": "horizontal",
    "width": 200,
    "collapsed": true
  },
  "right": {
    "id": "451a6965626b3b16",
    "type": "split",
    "children": [
      {
        "id": "9bf1f1733d3292e7",
        "type": "tabs",
        "children": [
          {
            "id": "791773f24f371e7a",
            "type": "leaf",
            "state": {
              "type": "backlink",
              "state": {
                "file": "@RestController.md",
                "collapseAll": false,
                "extraContext": false,
                "sortOrder": "alphabetical",
                "showSearch": false,
                "searchQuery": "",
                "backlinkCollapsed": false,
                "unlinkedCollapsed": true
              }
            }
          },
          {
            "id": "9c2a0e766e55bfe2",
            "type": "leaf",
            "state": {
              "type": "outgoing-link",
              "state": {
                "file": "@RestController.md",
                "linksCollapsed": false,
                "unlinkedCollapsed": true
              }
            }
          },
          {
            "id": "0564030b52a1ddc0",
            "type": "leaf",
            "state": {
              "type": "tag",
              "state": {
                "sortOrder": "frequency",
                "useHierarchy": true
              }
            }
          },
          {
            "id": "d0a91a5ef4d0fe46",
            "type": "leaf",
            "state": {
              "type": "outline",
              "state": {
                "file": "@RestController.md"
              }
            }
          }
        ]
      }
    ],
    "direction": "horizontal",
    "width": 300,
    "collapsed": true
  },
  "left-ribbon": {
    "hiddenItems": {
      "switcher:Abrir selector rápido": false,
      "graph:Abrir vista gráfica": false,
      "canvas:Crear nuevo canvas": false,
      "daily-notes:Abrir la nota de hoy": false,
      "templates:Insertar plantilla": false,
      "command-palette:Abrir paleta de comandos": false
    }
  },
  "active": "653f9421111eedcd",
  "lastOpenFiles": [
    "Convertir API-REST.md",
    "@RestController.md",
    "View Technologies.md",
    "Convertir a JSON.md",
    "JsonManagedReference.md",
    "Iniciar Spring Security - SpringSecurityConfig.md",
    "Spring Security.md",
    "Thymeleaf security.md",
    "Convertir a XML.md",
    "@EnableMethodSecurity().md",
    "@PreAuthorize.md",
    "@Secured.md",
    "Spring/Spring Boot.md",
    "mappedBy=..., fetch=... , cascade=....md",
    "@JoinColumn.md",
    "@ManyToOne.md",
    "@ManyToMany.md",
    "@OneToMany.md",
    "Entidades.md",
    "@Id.md",
    "@Column.md",
    "@GeneratedValue.md",
    "@ControllerAdvice.md",
    "Spring/Anotations/Componentes/@Component.md",
    "CrudRepository.md",
    "JpaRepository.md",
    "_assets/Pasted image 20231123075011.png",
    "Spring/Anotations/Contexto",
    "Spring/Anotations/Componentes",
    "Carga/Redirect",
    "Carga",
    "Java/Metodos de List",
    "Java",
    "Spring/Dependencias",
    "Spring/Anotations",
    "Spring",
    "Angular",
    "_assets/Pasted image 20231115144258.png"
  ]
}