{
  "main": {
    "id": "da42efb1729102c0",
    "type": "split",
    "children": [
      {
        "id": "fffcab92092e3239",
        "type": "tabs",
        "children": [
          {
            "id": "139a88c0afc02030",
            "type": "leaf",
            "state": {
              "type": "markdown",
              "state": {
                "file": "CrudRepository.md",
                "mode": "source",
                "source": false
              }
            }
          },
          {
            "id": "ff89602ac7ce431a",
            "type": "leaf",
            "state": {
              "type": "markdown",
              "state": {
                "file": "JpaRepository.md",
                "mode": "source",
                "source": false
              }
            }
          },
          {
            "id": "a6bb9bc94b6768d0",
            "type": "leaf",
            "state": {
              "type": "markdown",
              "state": {
                "file": "Uso de Service.md",
                "mode": "source",
                "source": false
              }
            }
          },
          {
            "id": "202aae7984c22eae",
            "type": "leaf",
            "state": {
              "type": "graph",
              "state": {}
            }
          },
          {
            "id": "9145a41a6fca185f",
            "type": "leaf",
            "state": {
              "type": "markdown",
              "state": {
                "file": "@Service.md",
                "mode": "source",
                "source": false
              }
            }
          }
        ],
        "currentTab": 1
      }
    ],
    "direction": "vertical"
  },
  "left": {
    "id": "c4cd687da16c4ae8",
    "type": "split",
    "children": [
      {
        "id": "d93b4c6e44cf0fca",
        "type": "tabs",
        "children": [
          {
            "id": "6233568316e0984a",
            "type": "leaf",
            "state": {
              "type": "file-explorer",
              "state": {
                "sortOrder": "alphabetical"
              }
            }
          },
          {
            "id": "caa2c0fd343d3bf9",
            "type": "leaf",
            "state": {
              "type": "search",
              "state": {
                "query": "JpaRepos",
                "matchingCase": false,
                "explainSearch": false,
                "collapseAll": false,
                "extraContext": false,
                "sortOrder": "alphabetical"
              }
            }
          },
          {
            "id": "1f0a138625a3b091",
            "type": "leaf",
            "state": {
              "type": "bookmarks",
              "state": {}
            }
          }
        ],
        "currentTab": 1
      }
    ],
    "direction": "horizontal",
    "width": 249.5,
    "collapsed": true
  },
  "right": {
    "id": "451a6965626b3b16",
    "type": "split",
    "children": [
      {
        "id": "9bf1f1733d3292e7",
        "type": "tabs",
        "children": [
          {
            "id": "791773f24f371e7a",
            "type": "leaf",
            "state": {
              "type": "backlink",
              "state": {
                "file": "JpaRepository.md",
                "collapseAll": false,
                "extraContext": false,
                "sortOrder": "alphabetical",
                "showSearch": false,
                "searchQuery": "",
                "backlinkCollapsed": false,
                "unlinkedCollapsed": true
              }
            }
          },
          {
            "id": "9c2a0e766e55bfe2",
            "type": "leaf",
            "state": {
              "type": "outgoing-link",
              "state": {
                "file": "JpaRepository.md",
                "linksCollapsed": false,
                "unlinkedCollapsed": true
              }
            }
          },
          {
            "id": "0564030b52a1ddc0",
            "type": "leaf",
            "state": {
              "type": "tag",
              "state": {
                "sortOrder": "frequency",
                "useHierarchy": true
              }
            }
          },
          {
            "id": "d0a91a5ef4d0fe46",
            "type": "leaf",
            "state": {
              "type": "outline",
              "state": {
                "file": "JpaRepository.md"
              }
            }
          }
        ]
      }
    ],
    "direction": "horizontal",
    "width": 300,
    "collapsed": true
  },
  "left-ribbon": {
    "hiddenItems": {
      "switcher:Abrir selector rápido": false,
      "graph:Abrir vista gráfica": false,
      "canvas:Crear nuevo canvas": false,
      "daily-notes:Abrir la nota de hoy": false,
      "templates:Insertar plantilla": false,
      "command-palette:Abrir paleta de comandos": false
    }
  },
  "active": "ff89602ac7ce431a",
  "lastOpenFiles": [
    "CrudRepository.md",
    "JpaRepository.md",
    "Java/JPA.md",
    "@Repository.md",
    "DAO.md",
    "Uso de Service.md",
    "@Service.md",
    "@PersistenceContext.md",
    "Spring/Anotations/Componentes/@Component.md",
    "Spring/Anotations/Componentes/@Bean.md",
    "Spring/Anotations/Componentes/Registrar Componentes.md",
    "Spring/Anotations/Anotations.md",
    "Spring/Anotations/Componentes/Ciclo de vida.md",
    "Spring/Anotations/Contexto/Contexto.md",
    "Spring/Anotations/Contexto/@ApplicationScope.md",
    "@SessionAttribute.md",
    "@PreDestroy_.md",
    "@PreRemove.md",
    "PostMapping.md",
    "Entidades.md",
    "Spring/Anotations/Componentes/@PreDestroy.md",
    "Anotaciones helpers.md",
    "@PrePersist.md",
    "@PrePers.md",
    "Spring/Anotations/@RequestMapping.md",
    "@GetMapping.md",
    "_assets/Pasted image 20231123075011.png",
    "Spring/Anotations/Contexto",
    "Spring/Anotations/Componentes",
    "Carga/Redirect",
    "Carga",
    "Java/Metodos de List",
    "Java",
    "Spring/Dependencias",
    "Spring/Anotations",
    "Spring",
    "Angular",
    "_assets/Pasted image 20231115144258.png"
  ]
}