{
  "main": {
    "id": "da42efb1729102c0",
    "type": "split",
    "children": [
      {
        "id": "045e33d18b042f19",
        "type": "tabs",
        "children": [
          {
            "id": "76929fad4fb84aab",
            "type": "leaf",
            "state": {
              "type": "markdown",
              "state": {
                "file": "Spring/Anotations/@RequestMapping.md",
                "mode": "source",
                "source": false
              }
            }
          },
          {
            "id": "10eb3156657c1a3a",
            "type": "leaf",
            "state": {
              "type": "markdown",
              "state": {
                "file": "@GetMapping.md",
                "mode": "source",
                "source": false
              }
            }
          },
          {
            "id": "4746144c0ff0731e",
            "type": "leaf",
            "state": {
              "type": "markdown",
              "state": {
                "file": "messages.properties.md",
                "mode": "source",
                "source": false
              }
            }
          }
        ],
        "currentTab": 1
      }
    ],
    "direction": "vertical"
  },
  "left": {
    "id": "c4cd687da16c4ae8",
    "type": "split",
    "children": [
      {
        "id": "d93b4c6e44cf0fca",
        "type": "tabs",
        "children": [
          {
            "id": "6233568316e0984a",
            "type": "leaf",
            "state": {
              "type": "file-explorer",
              "state": {
                "sortOrder": "alphabetical"
              }
            }
          },
          {
            "id": "caa2c0fd343d3bf9",
            "type": "leaf",
            "state": {
              "type": "search",
              "state": {
                "query": "",
                "matchingCase": false,
                "explainSearch": false,
                "collapseAll": false,
                "extraContext": false,
                "sortOrder": "alphabetical"
              }
            }
          },
          {
            "id": "1f0a138625a3b091",
            "type": "leaf",
            "state": {
              "type": "bookmarks",
              "state": {}
            }
          }
        ]
      }
    ],
    "direction": "horizontal",
    "width": 249.5,
    "collapsed": true
  },
  "right": {
    "id": "451a6965626b3b16",
    "type": "split",
    "children": [
      {
        "id": "9bf1f1733d3292e7",
        "type": "tabs",
        "children": [
          {
            "id": "791773f24f371e7a",
            "type": "leaf",
            "state": {
              "type": "backlink",
              "state": {
                "file": "@GetMapping.md",
                "collapseAll": false,
                "extraContext": false,
                "sortOrder": "alphabetical",
                "showSearch": false,
                "searchQuery": "",
                "backlinkCollapsed": false,
                "unlinkedCollapsed": true
              }
            }
          },
          {
            "id": "9c2a0e766e55bfe2",
            "type": "leaf",
            "state": {
              "type": "outgoing-link",
              "state": {
                "file": "@GetMapping.md",
                "linksCollapsed": false,
                "unlinkedCollapsed": true
              }
            }
          },
          {
            "id": "0564030b52a1ddc0",
            "type": "leaf",
            "state": {
              "type": "tag",
              "state": {
                "sortOrder": "frequency",
                "useHierarchy": true
              }
            }
          },
          {
            "id": "d0a91a5ef4d0fe46",
            "type": "leaf",
            "state": {
              "type": "outline",
              "state": {
                "file": "@GetMapping.md"
              }
            }
          }
        ]
      }
    ],
    "direction": "horizontal",
    "width": 300,
    "collapsed": true
  },
  "left-ribbon": {
    "hiddenItems": {
      "switcher:Abrir selector rápido": false,
      "graph:Abrir vista gráfica": false,
      "canvas:Crear nuevo canvas": false,
      "daily-notes:Abrir la nota de hoy": false,
      "templates:Insertar plantilla": false,
      "command-palette:Abrir paleta de comandos": false
    }
  },
  "active": "10eb3156657c1a3a",
  "lastOpenFiles": [
    "Spring/Anotations/@RequestMapping.md",
    "@GetMapping.md",
    "Reglas de validación.md",
    "Spring/Anotations/@RequestParam.md",
    "Spring/Anotations/@PathVariable.md",
    "messages.properties.md",
    "@NotNull.md",
    "@Size.md",
    "@NotEmpty.md",
    "Entidades.md",
    "@Temporal.md",
    "@DateTimeFormat.md",
    "DAO.md",
    "persist(Object entity).md",
    "find(Class entity, Object primaryKey).md",
    "EntityManager.md",
    "remove(Object entity).md",
    "merge(Object entity).md",
    "@Transactional.md",
    "Interceptores.md",
    "Spring/Anotations/Componentes/@PreDestroy.md",
    "Spring/Carga&Redirect&Forward.md",
    "Spring/POJO.md",
    "PostMapping.md",
    "_assets/Pasted image 20231123075011.png",
    "Java/JPA.md",
    "Spring/Record & Clases.md",
    "Spring/Anotations/Contexto",
    "Spring/Anotations/Componentes",
    "Carga/Redirect",
    "Carga",
    "Java/Metodos de List",
    "Java",
    "Spring/Dependencias",
    "Spring/Anotations",
    "Spring",
    "Angular",
    "_assets/Pasted image 20231115144258.png"
  ]
}